{
   "offset": [
      -58.803596771600105,
      -56.397922954145855,
      -54.006135214439354,
      -51.605943515492825,
      -49.19770783692978,
      -46.80299843912978,
      -44.40024162890548,
      -41.99456872924374,
      -39.60405797825464,
      -37.19290367789672,
      -34.796911138013996,
      -32.400917573789556,
      -29.999441573463905,
      -27.604735923187903,
      -25.20196987309568,
      -22.807264930328564,
      -20.40578698756214,
      -18.00430881052966,
      -15.604122353021047,
      -13.198453606664305,
      -10.801164184763831,
      -8.399684114297674,
      -5.998203597292418,
      -3.5980188037682534,
      -1.1965377810375393,
      1.1994600932811863,
      3.595458361017627,
      6.002424915151584,
      8.39163997841435,
      10.794423941118506,
      13.194606475274444,
      15.590606216109247,
      18.001756168775646,
      20.39775652945033,
      22.79793670113679,
      25.206212010073184,
      27.595422555911107,
      30.003700554413477,
      32.40388011817697,
      34.795706126350424,
      37.201370268642535,
      39.59606318037871,
      41.996240040572445,
      44.39355473220991,
      46.79087093384135,
      49.196533678782174,
      51.59670988495698,
      53.994029186432705,
      56.39969082219737,
      58.799865609683636
   ],
   "brightness": [
      198.8804168701172,
      185.45034790039062,
      178.6716766357422,
      188.216552734375,
      195.9184112548828,
      200.08657836914062,
      209.2675018310547,
      194.56675720214844,
      184.44912719726562,
      179.72679138183594,
      173.66461181640625,
      168.36453247070312,
      170.48916625976562,
      179.78367614746094,
      186.34312438964844,
      193.8751220703125,
      199.2398681640625,
      206.56649780273438,
      NaN,
      NaN,
      NaN,
      NaN,
      NaN,
      NaN,
      441.1009216308594,
      534.2808227539062,
      485.8540344238281,
      427.3265686035156,
      341.6136779785156,
      292.5419921875,
      254.87103271484375,
      215.7443084716797,
      201.20578002929688,
      176.92384338378906,
      163.19747924804688,
      161.91465759277344,
      152.47171020507812,
      145.51707458496094,
      143.6222686767578,
      136.35491943359375,
      131.17408752441406,
      124.17167663574219,
      117.56904602050781,
      110.52723693847656,
      108.05271911621094,
      107.0455093383789,
      99.67231750488281,
      91.7022705078125,
      85.02662658691406,
      84.36729431152344
   ]
}