{
   "offset": [
      -59.33094848783188,
      -58.00596077761652,
      -56.662466743284085,
      -55.337479021528694,
      -54.012490301543004,
      -52.68750258901008,
      -51.35326133093094,
      -50.00051531084932,
      -48.684779521834265,
      -47.35053893390479,
      -46.02555034883153,
      -44.6667085389262,
      -43.350973530898855,
      -42.00747957268891,
      -40.68249190833782,
      -39.33899790032642,
      -38.01401022524983,
      -36.670516171759175,
      -35.34552848658406,
      -34.01128735468697,
      -32.658540862855475,
      -31.342805561240034,
      -29.99321747474538,
      -28.683576627533547,
      -27.32473587301447,
      -26.009001137986,
      -24.656254223055242,
      -23.340519521664937,
      -22.006278539266276,
      -20.67203786083121,
      -19.33779687719552,
      -17.98505004855341,
      -16.669315178170407,
      -15.335074425790326,
      -14.010086516088064,
      -12.651246643194987,
      -11.33551216259937,
      -9.992018187851142,
      -8.667030632676955,
      -7.323536632883692,
      -5.998549069286943,
      -4.664308243807225,
      -3.348573873271265,
      -2.005079866639708,
      -0.661585862376062,
      0.6541484676134341,
      1.988389265607033,
      3.3133767661482625,
      4.656870863286537,
      5.981858321376032,
      7.325352473052332,
      8.631833255104427,
      9.990671708429147,
      11.306405771221591,
      12.659153110352788,
      13.97488714967691,
      15.318381102116337,
      16.643368543053327,
      17.986862499073567,
      19.330356802990785,
      20.646090501360355,
      21.998838249710374,
      23.314571890837733,
      24.66731969256351,
      25.983053277676465,
      27.332637121077727,
      28.648370862268827,
      30.001118381575722,
      31.335359236564734,
      32.660346004599305,
      33.98533334545529,
      35.32882723447847,
      36.67232177464902,
      37.99730845384701,
      39.34080302371902,
      40.64728240715442,
      42.00611879451428,
      43.3218522174065,
      44.67459988029308,
      45.99033328868516,
      47.33382712823644,
      48.658814347742535,
      50.00230816603232,
      51.327295389514916,
      52.65228164495856,
      53.99577640899875,
      55.32076261889034,
      56.664257401231964,
      57.979989876888766,
      59.31423076375968
   ],
   "brightness": [
      0.5913904605726119,
      0.6773983493494318,
      0.5265722694014408,
      0.5982425245392724,
      0.608501563894408,
      0.579698888044494,
      0.5664733981335688,
      0.5834327021466654,
      0.6667434328527243,
      0.6280884335383142,
      0.6173429715808496,
      0.5285241959979659,
      0.5999783296045835,
      0.6290718759995967,
      0.6232599768074919,
      0.6309667677632165,
      0.6291557164936958,
      0.7435212815748262,
      0.8095223595544763,
      0.8048606462529553,
      0.8090915086249559,
      0.9426397560272874,
      0.9892066017925629,
      0.9457913744652495,
      1.0160187974876689,
      0.8764846626906357,
      0.9475434163460055,
      0.9301409594942239,
      1.0177071990069262,
      0.8807654429711866,
      1.009999612546683,
      0.8666901837690018,
      0.8814151144651097,
      0.8663081143130049,
      0.904058781249433,
      0.9721313245849854,
      1.0333679839475711,
      0.9564490610223348,
      1.0898710220823178,
      0.944112774698098,
      1.1035038671285848,
      1.035055305853553,
      1.08058345000437,
      1.2460595269638919,
      1.2658788401870842,
      1.1290133389416401,
      1.257507092686327,
      1.2486631564319506,
      1.1964418929584035,
      1.0988330055250985,
      1.2482871100815958,
      1.1900823173160275,
      1.2769408987375663,
      1.3434974093365453,
      1.527663268335287,
      1.65268758538134,
      1.6411248135580676,
      1.8100402827152031,
      1.7397184077366223,
      1.8876740090668338,
      1.7054346276227368,
      1.5151657929079423,
      1.479670267638617,
      1.3691431823256228,
      1.3333143548683863,
      1.34752980753656,
      1.3842332780067044,
      1.3668786508641113,
      1.3346914442175009,
      1.353313878275947,
      1.0917389661303654,
      1.1962558585445229,
      1.178542615123798,
      1.0690172120542658,
      1.0681978708108475,
      0.9742004531463642,
      0.9522569226738711,
      0.931831790143351,
      0.8896324630620439,
      0.8618539779718406,
      0.8340123781213387,
      0.8229397791359834,
      0.9278112108676145,
      0.9140928206747079,
      0.7823745816986869,
      0.8010834984626698,
      0.8970485397324853,
      0.9001992774333019,
      1.0203283686393512,
      0.9308106073851017
   ]
}