{
   "offset": [
      -59.33094848783188,
      -58.00596077761652,
      -56.662466743284085,
      -55.337479021528694,
      -54.012490301543004,
      -52.68750258901008,
      -51.35326133093094,
      -50.00051531084932,
      -48.684779521834265,
      -47.35053893390479,
      -46.02555034883153,
      -44.6667085389262,
      -43.350973530898855,
      -42.00747957268891,
      -40.68249190833782,
      -39.33899790032642,
      -38.01401022524983,
      -36.670516171759175,
      -35.34552848658406,
      -34.01128735468697,
      -32.658540862855475,
      -31.342805561240034,
      -29.99321747474538,
      -28.683576627533547,
      -27.32473587301447,
      -26.009001137986,
      -24.656254223055242,
      -23.340519521664937,
      -22.006278539266276,
      -20.67203786083121,
      -19.33779687719552,
      -17.98505004855341,
      -16.669315178170407,
      -15.335074425790326,
      -14.010086516088064,
      -12.651246643194987,
      -11.33551216259937,
      -9.992018187851142,
      -8.667030632676955,
      -7.323536632883692,
      -5.998549069286943,
      -4.664308243807225,
      -3.348573873271265,
      -2.005079866639708,
      -0.661585862376062,
      0.6541484676134341,
      1.988389265607033,
      3.3133767661482625,
      4.656870863286537,
      5.981858321376032,
      7.325352473052332,
      8.631833255104427,
      9.990671708429147,
      11.306405771221591,
      12.659153110352788,
      13.97488714967691,
      15.318381102116337,
      16.643368543053327,
      17.986862499073567,
      19.330356802990785,
      20.646090501360355,
      21.998838249710374,
      23.314571890837733,
      24.66731969256351,
      25.983053277676465,
      27.332637121077727,
      28.648370862268827,
      30.001118381575722,
      31.335359236564734,
      32.660346004599305,
      33.98533334545529,
      35.32882723447847,
      36.67232177464902,
      37.99730845384701,
      39.34080302371902,
      40.64728240715442,
      42.00611879451428,
      43.3218522174065,
      44.67459988029308,
      45.99033328868516,
      47.33382712823644,
      48.658814347742535,
      50.00230816603232,
      51.327295389514916,
      52.65228164495856,
      53.99577640899875,
      55.32076261889034,
      56.664257401231964,
      57.979989876888766,
      59.31423076375968
   ],
   "brightness": [
      0.7667740130254797,
      0.7454185618713545,
      0.7313984482577913,
      0.7097200823446232,
      0.6258286010665814,
      0.6335084734801699,
      0.6540284092105058,
      0.6815185065184236,
      0.6727876790043457,
      0.6427662062878688,
      0.6963876515264045,
      0.6354920033589226,
      0.6969833332580935,
      0.6205870423885315,
      0.6074335690043603,
      0.7425399048834643,
      0.6575637737612532,
      0.8038734215481123,
      0.7454782007518144,
      0.9898553258118543,
      0.9537338535141823,
      1.0949658339650306,
      0.9702166476835721,
      1.0939037424662061,
      0.9398588530178715,
      0.9834377145184423,
      0.8612215489498145,
      1.0436427156233798,
      0.9816155876289872,
      0.955627965864913,
      1.099312306326611,
      0.9561242222673902,
      0.9899514333374108,
      1.0570550184853333,
      1.163262455075715,
      1.0387572225458137,
      1.1398761545480807,
      1.1012708167023892,
      1.1599992048149272,
      1.0545517356273968,
      1.2475157129277457,
      1.267396345966859,
      1.3509964044254716,
      1.3610909852174444,
      1.4611475401722114,
      1.2425978848620964,
      1.303390164409137,
      1.2872163339063705,
      1.25125702606113,
      1.2014200797937218,
      1.088773438991057,
      1.2198274856318707,
      1.1624218813611065,
      1.2268106328753985,
      1.4251720512353732,
      1.4768061456819304,
      1.6086553773955425,
      1.4459845519798393,
      1.5077809430470719,
      1.4969034829704482,
      1.637754215147166,
      1.3020607177649404,
      1.3788329538618065,
      1.1430190120483592,
      1.2085086488886418,
      1.2172303796377797,
      1.2879876824635637,
      1.2742908371454988,
      1.2560858173303244,
      1.2599586732201085,
      1.1202600755578112,
      1.1197759889679222,
      1.0287949323758188,
      0.9245125697710993,
      0.9603607379926646,
      0.8912050164973708,
      0.9255595271901352,
      0.8089437869965702,
      0.8120200300701792,
      0.6989562570431941,
      0.6905983357026622,
      0.768430589671068,
      0.8368289137015881,
      0.9076404673762815,
      0.7268933060156622,
      0.7136878899677068,
      0.8216214411048787,
      0.846246054057247,
      0.8071620040556614,
      0.9333180750625338
   ]
}