{
   "offset": [
      -59.33094848783188,
      -58.00596077761652,
      -56.662466743284085,
      -55.337479021528694,
      -54.012490301543004,
      -52.68750258901008,
      -51.35326133093094,
      -50.00051531084932,
      -48.684779521834265,
      -47.35053893390479,
      -46.02555034883153,
      -44.6667085389262,
      -43.350973530898855,
      -42.00747957268891,
      -40.68249190833782,
      -39.33899790032642,
      -38.01401022524983,
      -36.670516171759175,
      -35.34552848658406,
      -34.01128735468697,
      -32.658540862855475,
      -31.342805561240034,
      -29.99321747474538,
      -28.683576627533547,
      -27.32473587301447,
      -26.009001137986,
      -24.656254223055242,
      -23.340519521664937,
      -22.006278539266276,
      -20.67203786083121,
      -19.33779687719552,
      -17.98505004855341,
      -16.669315178170407,
      -15.335074425790326,
      -14.010086516088064,
      -12.651246643194987,
      -11.33551216259937,
      -9.992018187851142,
      -8.667030632676955,
      -7.323536632883692,
      -5.998549069286943,
      -4.664308243807225,
      -3.348573873271265,
      -2.005079866639708,
      -0.661585862376062,
      0.6541484676134341,
      1.988389265607033,
      3.3133767661482625,
      4.656870863286537,
      5.981858321376032,
      7.325352473052332,
      8.631833255104427,
      9.990671708429147,
      11.306405771221591,
      12.659153110352788,
      13.97488714967691,
      15.318381102116337,
      16.643368543053327,
      17.986862499073567,
      19.330356802990785,
      20.646090501360355,
      21.998838249710374,
      23.314571890837733,
      24.66731969256351,
      25.983053277676465,
      27.332637121077727,
      28.648370862268827,
      30.001118381575722,
      31.335359236564734,
      32.660346004599305,
      33.98533334545529,
      35.32882723447847,
      36.67232177464902,
      37.99730845384701,
      39.34080302371902,
      40.64728240715442,
      42.00611879451428,
      43.3218522174065,
      44.67459988029308,
      45.99033328868516,
      47.33382712823644,
      48.658814347742535,
      50.00230816603232,
      51.327295389514916,
      52.65228164495856,
      53.99577640899875,
      55.32076261889034,
      56.664257401231964,
      57.979989876888766,
      59.31423076375968
   ],
   "brightness": [
      0.5024483879005862,
      0.6252274780946199,
      0.6914030306174297,
      0.48960043132382897,
      0.5690538232547746,
      0.4782172155315596,
      0.6543128835824708,
      0.6464938977077941,
      0.7405851425612158,
      0.5471278923038314,
      0.5173564389535785,
      0.5729340306874844,
      0.431475909624179,
      0.6206664768983703,
      0.8115628527672918,
      0.5636410151362385,
      0.5393475695026386,
      0.7725933566907957,
      0.7971844680856723,
      0.9503787606711414,
      0.7688968431955208,
      0.945375772263856,
      0.6637763358934319,
      0.8298100277469627,
      0.9204884139360872,
      0.7926724164686958,
      0.8750936205041984,
      0.811849611285361,
      0.8109022329698472,
      0.9511924809189751,
      0.8815608176353275,
      0.7055695221474677,
      0.9855042294387382,
      0.9004901608685358,
      0.8651188135757046,
      0.9374160563487692,
      1.0618003956757658,
      0.8386444956996199,
      0.9813285288257155,
      0.8862777569387359,
      1.0323353649182265,
      1.0898930646781788,
      1.1491590338133406,
      1.335341950942235,
      1.2058996657772387,
      1.1904366089646898,
      1.316268862658299,
      1.279824304707584,
      1.2038587698225844,
      1.0806854005219515,
      1.2262626464164383,
      1.3212101098616555,
      1.3300362421975525,
      1.4307415772583092,
      1.5365773957582352,
      1.6192727218715055,
      1.7270665457115468,
      1.8458571984701484,
      1.725350827487317,
      1.7885336275628696,
      1.9976045743027124,
      1.4722029128546739,
      1.5130239356348503,
      1.531782265709312,
      1.321738157881902,
      1.4344553605553294,
      1.4793555814491737,
      1.4335668857869752,
      1.3917108498693347,
      1.3733898958136581,
      1.2130541079072192,
      1.2771283312538628,
      1.10357759794128,
      1.0099718584257569,
      1.0501236486768095,
      1.0103381821793382,
      0.9920433212644244,
      1.0733650774015222,
      0.9065957341151077,
      0.8212526303748101,
      0.7725983780131259,
      0.7549070401377682,
      0.8475963273627262,
      0.8518197804185721,
      0.8753593404576254,
      0.8460939100338657,
      0.9348408939150885,
      0.8852703777009837,
      0.9681301548917213,
      0.9604604397392549
   ]
}