{
   "offset": [
      -57.658544302678735,
      -53.68801938234999,
      -50.26822790610396,
      -47.25422589239486,
      -44.587679288657185,
      -42.06633135553028,
      -39.704445796803725,
      -37.4149047114258,
      -35.168668197727456,
      -32.9081669126935,
      -30.64766550534855,
      -28.358124336242128,
      -26.097622810128257,
      -23.837121206253165,
      -21.576619543379557,
      -19.344902532649304,
      -17.055361329491102,
      -14.82364441909479,
      -12.56314289417624,
      -10.302641311784782,
      -8.013100051241615,
      -5.752598423981705,
      -3.492096783735686,
      -1.23159514936787,
      1.0146416779448786,
      3.3041829360148514,
      5.5504197875690835,
      7.810921466640372,
      10.071423150124865,
      12.360964453889473,
      14.650505760063023,
      16.911007434962155,
      19.17150906266025,
      21.461050366873646,
      23.750591670611144,
      26.011093206753685,
      28.242810148873925,
      30.47452726968464,
      32.764068562638414,
      35.05360985338595,
      37.31411167117312,
      39.57461340048508,
      41.86415469118273,
      44.124656304096746,
      46.385157784077364,
      48.645659112204484,
      50.891895703266655,
      53.18143693011058,
      55.427673917288445,
      57.68817585441341
   ],
   "brightness": [
      0.0,
      0.0,
      0.0,
      0.0,
      0.0,
      0.0,
      5.217390220953854,
      5.494769887741413,
      8.542174650439897,
      11.945001651630418,
      11.858038197834055,
      12.39244186368628,
      12.274896894396711,
      12.723844474901945,
      12.645765097927153,
      13.64287949680306,
      17.61378841885999,
      20.48202328225045,
      20.432484186047944,
      21.737975958781483,
      24.635297570259198,
      29.635188445118537,
      33.51949632221234,
      34.31968184942525,
      34.02354252830766,
      30.623223143720864,
      29.3685378229284,
      25.996541927570142,
      19.377089343959234,
      19.349339293147146,
      18.098507249368534,
      14.461998797817976,
      13.138323095483218,
      12.466540218076407,
      12.840695880779439,
      13.455003166298143,
      12.091127366939592,
      8.581391766041909,
      8.168252136911821,
      11.079905967270872,
      11.918157450960853,
      9.915074025576043,
      8.90464857809727,
      11.018346984209288,
      12.990920777528384,
      12.622505434023136,
      10.490303598491437,
      10.425936203713889,
      12.344544642489875,
      12.778889325877035
   ]
}