{
   "offset": [
      -58.73590003235353,
      -55.93444666154899,
      -53.37305010538769,
      -51.025301294135254,
      -48.91760870153854,
      -46.862733909878486,
      -44.94228110697621,
      -43.07464538997242,
      -41.15419229028574,
      -39.286556558190874,
      -37.36610321616806,
      -35.498467473407395,
      -33.44359225966931,
      -31.575956407062698,
      -29.52108125057577,
      -27.65344529208901,
      -25.732992206529605,
      -23.86535621945697,
      -21.944902954109363,
      -20.077266943000623,
      -18.156813552204255,
      -16.289177521398795,
      -14.234301962648315,
      -12.36666585179837,
      -10.311790268736777,
      -8.444154081752332,
      -6.523700746028727,
      -4.656064521506202,
      -2.7356111229605053,
      -0.8679748652879473,
      1.0524785416860079,
      2.920114828077617,
      4.974990695224969,
      6.842627031835268,
      8.897503004957631,
      10.765139387890951,
      12.685592941238625,
      14.553229370763844,
      16.47368286995462,
      18.34131934164219,
      20.26177273238958,
      22.129409241787044,
      24.184285380854583,
      26.051921910727962,
      28.10679823723978,
      29.974434783689105,
      31.894888522113565,
      33.76252512413133,
      35.6829786915158,
      37.55061534469821,
      39.471068686666015,
      41.338705386612155,
      43.39358176093715,
      45.261218451559174,
      47.316095094953724,
      49.18373177239745,
      51.10418566341154,
      52.97182240543319,
      54.892276008416836,
      56.75991281063118,
      58.68036607134083
   ],
   "brightness": [
      0.0,
      0.0,
      0.0,
      0.0,
      0.0,
      0.0,
      0.0,
      0.0,
      0.0,
      0.0,
      0.0,
      0.7594975257204004,
      0.7584683855096941,
      0.7434649817085108,
      0.7910075258783142,
      0.8673272489474675,
      0.9572485072875854,
      0.9465231767621372,
      0.9578920896691422,
      0.9181498382809432,
      0.8774657383344875,
      0.8223972397043908,
      0.8017468448753339,
      0.7882934208271091,
      0.7876374063338312,
      0.8478433113068702,
      0.8780413057642633,
      1.029444523589424,
      1.1549119781972108,
      1.3484674372533902,
      1.5853877370648748,
      1.7723331905799498,
      1.9574607390209022,
      2.0388782174474875,
      2.0411334948941047,
      2.0674457443920384,
      2.011671529325295,
      2.017699108295542,
      1.9180701446739579,
      1.799801411804399,
      1.727630570982809,
      1.6498278370419284,
      1.5903361428515157,
      1.525666700953431,
      1.4293979288944052,
      1.395037964545034,
      1.3330318905894438,
      1.2815294567563051,
      1.2198070350960142,
      1.1510377919743036,
      1.126464216176878,
      1.062243503576143,
      0.9998935066480424,
      0.9829836160664667,
      1.0013335391882938,
      0.924737129452736,
      0.8829055185136209,
      0.8325979804581646,
      0.7743522559573034,
      0.7592653960532707,
      0.7300415229228836
   ]
}