{
   "offset": [
      -58.45885003114245,
      -55.712746827935035,
      -53.29559813458039,
      -51.09206694235145,
      -49.15158358573931,
      -47.211389942156515,
      -45.43538373525909,
      -43.75823748909191,
      -42.21232540487938,
      -40.63403903568225,
      -39.18698721969045,
      -37.73993539428325,
      -36.29288355981449,
      -34.81287858026042,
      -33.365826710099164,
      -31.88582155531605,
      -30.43876965917962,
      -28.99171775716035,
      -27.54466584963643,
      -26.097613936794275,
      -24.65056201897199,
      -23.203510096473345,
      -21.756458169476165,
      -20.27645282686879,
      -18.829400892364518,
      -17.316731617166745,
      -15.869679698651158,
      -14.422627775822823,
      -12.975575848896757,
      -11.528523918244005,
      -10.081471984069577,
      -8.568802869752126,
      -7.121750925827888,
      -5.641745684642791,
      -4.194693723128359,
      -2.747641758199318,
      -1.3005897901322412,
      0.14646218070469863,
      1.5935141541308213,
      3.0405661298208906,
      4.4876181075656,
      5.967623398790293,
      7.41467537555263,
      8.894680625830738,
      10.341732592003583,
      11.788784556955038,
      13.235836520349853,
      14.682888481952954,
      16.12994044146774,
      17.62613301384277,
      19.073184989574397,
      20.602330914364508,
      22.049382906724396,
      23.49643489996482,
      24.943486893919427,
      26.39053888822719,
      27.837590882683102,
      29.28464287694188,
      30.731694870745578,
      32.21170025311454,
      33.65875223753656,
      35.1058042198009,
      36.585809442620416,
      38.03286140435975,
      39.47991336213002,
      40.926965315710476,
      42.374017264658534,
      43.82106920885791,
      45.35021484743214,
      46.79726680324384,
      48.32641280106093,
      49.77346478343064,
      51.22051676308614,
      52.66756873968926,
      54.114620713090844,
      55.56167268295279,
      57.04167811544471,
      58.488730062375524
   ],
   "brightness": [
      0.0,
      0.0,
      0.0,
      0.0,
      0.0,
      0.0,
      0.0,
      0.0,
      0.0,
      237.86855269490877,
      476.3893652484944,
      476.6618764565508,
      478.0327236715789,
      478.19325866779786,
      484.485446433329,
      492.53049525762856,
      518.4620881379527,
      523.0657665177157,
      537.4083353497066,
      544.7931737690033,
      529.9733586184972,
      506.79373426066127,
      497.2748209914936,
      495.10944291609474,
      484.60450546062236,
      465.7459231952148,
      456.2060332767921,
      455.7310605257123,
      453.236407309671,
      452.9077441795872,
      460.6387683571256,
      472.7471089103642,
      494.14259227888516,
      517.6174814976879,
      545.4069517701982,
      571.3172439294674,
      607.923922239615,
      664.0055582120482,
      739.6226503563657,
      817.84211814388,
      861.3517549128762,
      903.1008405395646,
      938.6438008279424,
      961.6457121527751,
      985.0349569115016,
      1001.0545343389297,
      999.4682862048146,
      977.2880462960081,
      967.1844851751292,
      939.8534469283162,
      905.984565340596,
      884.6892815502973,
      849.4515998524698,
      821.6472486427836,
      797.8566714168874,
      765.8730825298385,
      730.8485801949669,
      705.1162535776214,
      675.2997295259729,
      650.0769024002066,
      635.4422903332425,
      622.6907662697031,
      610.9786593253914,
      596.2854282359401,
      578.9842890199461,
      573.1989651056368,
      569.550398941768,
      557.6736185533609,
      545.2729634670766,
      525.7549789310975,
      518.7162869158412,
      504.7869035143182,
      481.2745456153621,
      458.2357730406303,
      458.328526415262,
      458.0325362570593,
      458.6195467532137,
      461.8545415620327
   ]
}