{
   "offset": [
      -58.73590003235353,
      -55.93444666154899,
      -53.37305010538769,
      -51.025301294135254,
      -48.91760870153854,
      -46.862733909878486,
      -44.94228110697621,
      -43.07464538997242,
      -41.15419229028574,
      -39.286556558190874,
      -37.36610321616806,
      -35.498467473407395,
      -33.44359225966931,
      -31.575956407062698,
      -29.52108125057577,
      -27.65344529208901,
      -25.732992206529605,
      -23.86535621945697,
      -21.944902954109363,
      -20.077266943000623,
      -18.156813552204255,
      -16.289177521398795,
      -14.234301962648315,
      -12.36666585179837,
      -10.311790268736777,
      -8.444154081752332,
      -6.523700746028727,
      -4.656064521506202,
      -2.7356111229605053,
      -0.8679748652879473,
      1.0524785416860079,
      2.920114828077617,
      4.974990695224969,
      6.842627031835268,
      8.897503004957631,
      10.765139387890951,
      12.685592941238625,
      14.553229370763844,
      16.47368286995462,
      18.34131934164219,
      20.26177273238958,
      22.129409241787044,
      24.184285380854583,
      26.051921910727962,
      28.10679823723978,
      29.974434783689105,
      31.894888522113565,
      33.76252512413133,
      35.6829786915158,
      37.55061534469821,
      39.471068686666015,
      41.338705386612155,
      43.39358176093715,
      45.261218451559174,
      47.316095094953724,
      49.18373177239745,
      51.10418566341154,
      52.97182240543319,
      54.892276008416836,
      56.75991281063118,
      58.68036607134083
   ],
   "brightness": [
      0.0,
      0.0,
      0.0,
      0.0,
      0.0,
      0.0,
      0.0,
      0.0,
      0.0,
      0.0,
      0.0,
      11754.218937812137,
      11738.291645168392,
      11506.094321122819,
      12241.877459458148,
      13423.025131239068,
      14814.674375508514,
      14648.685838472875,
      14824.634655774289,
      14209.571264415157,
      13579.931533061354,
      12727.67439257785,
      12408.082486412302,
      12199.873129079551,
      12189.720445602336,
      13121.48567779446,
      13588.839192867936,
      15932.002284173843,
      17873.77547116491,
      20869.299703053737,
      24535.95164132677,
      27429.177380226305,
      30294.26865716149,
      31554.310769718664,
      31589.21414198167,
      31996.430664578882,
      31133.25163794902,
      31226.536316939957,
      29684.64761908719,
      27854.284079287878,
      26737.34579415217,
      25533.246586805806,
      24612.534701889268,
      23611.690389809122,
      22121.805057289035,
      21590.039607131912,
      20630.41440222178,
      19833.346785009086,
      18878.11147087312,
      17813.817365275474,
      17433.5090953652,
      16439.609456870203,
      15474.661593518496,
      15212.958889587026,
      15496.947983114871,
      14311.518222789942,
      13664.119255909372,
      12885.544215832364,
      11984.115343730085,
      11750.626427188989,
      11298.348715474795
   ]
}