{
   "offset": [
      -58.71743887345569,
      -56.22498928196188,
      -53.920748272528655,
      -51.976940780282,
      -50.06454728725398,
      -48.340085928240214,
      -46.709867096583295,
      -45.1110622297963,
      -43.668775451333886,
      -42.21105756520629,
      -40.831599031842195,
      -39.46784734404363,
      -38.150941201331044,
      -36.83431095555892,
      -35.486266398187595,
      -34.16963557163784,
      -32.85272912326114,
      -31.56723706579331,
      -30.219192592986374,
      -28.9025619907041,
      -27.554517294186873,
      -26.237610782929515,
      -24.95211861399214,
      -23.604074122970836,
      -22.287443554128405,
      -20.939398885733173,
      -19.63819944031817,
      -18.33700007917065,
      -16.95754145331268,
      -15.609496933714155,
      -14.292866385970385,
      -12.944821744256185,
      -11.659329238030441,
      -10.342422843151024,
      -9.025792348068364,
      -7.677747736652165,
      -6.329703108069738,
      -4.98165847212768,
      -3.6647519989270836,
      -2.379259597160838,
      -1.0312149849844992,
      0.28541560142565564,
      1.6334602158676654,
      2.9346596637578135,
      4.235859127876072,
      5.615317781394802,
      6.963362432772577,
      8.279993033461608,
      9.628037631941266,
      10.913529992134285,
      12.23043651917105,
      13.547067210100256,
      14.895111841933954,
      16.243156433973923,
      17.591200976216058,
      18.90810738183825,
      20.193599986765925,
      21.54164468712999,
      22.858275258155075,
      24.20631978568514,
      25.507519206310615,
      26.808718743762846,
      28.18817739192617,
      29.536222142177436,
      30.852852762804545,
      32.20089728502224,
      33.4863894695752,
      34.80329609906161,
      36.11992695286882,
      37.46797157219136,
      38.81601609465716,
      40.101508175960674,
      41.418414747107825,
      42.735045705204854,
      44.08309034603576,
      45.39972061101015,
      46.71662683467611,
      48.002119612459644,
      49.350164397703196,
      50.69820906654858,
      52.04625360905468,
      53.362883609414126,
      54.67979003083698,
      55.965283012515954,
      57.31332771587478,
      58.62995804107807
   ],
   "brightness": [
      0.0,
      0.0,
      0.0,
      0.0,
      0.0,
      0.0,
      0.0,
      0.0,
      0.0,
      0.08444845936590528,
      0.06646015815464489,
      0.3791672202926151,
      0.5432256821285226,
      0.5419749450993822,
      0.45626616112040475,
      0.2723647707670845,
      0.45168731597147926,
      0.4055588499685379,
      0.45342038600523343,
      0.5619831769839272,
      0.7350039546452026,
      0.7318106171505707,
      0.7008069615111908,
      0.7544964147298616,
      0.7106021360898023,
      0.7219081536446962,
      0.7716555883727823,
      0.7915684788577235,
      0.8854521966543734,
      0.8762634849885238,
      0.8923301263369051,
      0.9582840840791371,
      0.8952623909472657,
      0.8698516792939757,
      0.8462414614455219,
      0.8132650218944409,
      0.8823088456552446,
      1.068734382562686,
      1.2694634938070408,
      1.2253156641279659,
      1.2367844426522354,
      1.5516748385855288,
      1.3229764571927123,
      1.8233120179530826,
      1.9851147077320255,
      2.0621220479407354,
      2.455903783384726,
      2.803777355243521,
      3.380298351342365,
      4.408828268991748,
      5.061290099658077,
      5.991835625015238,
      7.090108616687062,
      7.847794617939354,
      8.201221441189768,
      8.524342351188203,
      8.807234050298309,
      8.562696533473485,
      8.005154587272905,
      7.3775823083156435,
      6.832093240225997,
      6.4580605706381915,
      6.087716752649596,
      5.316536206196206,
      4.354535610711682,
      3.430863654021606,
      2.8444072817466335,
      2.329418326439728,
      2.184173571834566,
      1.790832612374944,
      1.5612125796033958,
      1.3537358771525192,
      1.1929401949666807,
      1.1098136925629878,
      1.0179923056816498,
      0.9406599684484855,
      0.9306657869893595,
      0.9454441401463767,
      1.04596795266638,
      0.9995142478919565,
      0.7187088255965226,
      0.5509557904998388,
      0.6291783976927511,
      0.520036094017386,
      0.4754932824702526,
      0.43361138737177285
   ]
}