{
   "offset": [
      -58.71743887345569,
      -56.22498928196188,
      -53.920748272528655,
      -51.976940780282,
      -50.06454728725398,
      -48.340085928240214,
      -46.709867096583295,
      -45.1110622297963,
      -43.668775451333886,
      -42.21105756520629,
      -40.831599031842195,
      -39.46784734404363,
      -38.150941201331044,
      -36.83431095555892,
      -35.486266398187595,
      -34.16963557163784,
      -32.85272912326114,
      -31.56723706579331,
      -30.219192592986374,
      -28.9025619907041,
      -27.554517294186873,
      -26.237610782929515,
      -24.95211861399214,
      -23.604074122970836,
      -22.287443554128405,
      -20.939398885733173,
      -19.63819944031817,
      -18.33700007917065,
      -16.95754145331268,
      -15.609496933714155,
      -14.292866385970385,
      -12.944821744256185,
      -11.659329238030441,
      -10.342422843151024,
      -9.025792348068364,
      -7.677747736652165,
      -6.329703108069738,
      -4.98165847212768,
      -3.6647519989270836,
      -2.379259597160838,
      -1.0312149849844992,
      0.28541560142565564,
      1.6334602158676654,
      2.9346596637578135,
      4.235859127876072,
      5.615317781394802,
      6.963362432772577,
      8.279993033461608,
      9.628037631941266,
      10.913529992134285,
      12.23043651917105,
      13.547067210100256,
      14.895111841933954,
      16.243156433973923,
      17.591200976216058,
      18.90810738183825,
      20.193599986765925,
      21.54164468712999,
      22.858275258155075,
      24.20631978568514,
      25.507519206310615,
      26.808718743762846,
      28.18817739192617,
      29.536222142177436,
      30.852852762804545,
      32.20089728502224,
      33.4863894695752,
      34.80329609906161,
      36.11992695286882,
      37.46797157219136,
      38.81601609465716,
      40.101508175960674,
      41.418414747107825,
      42.735045705204854,
      44.08309034603576,
      45.39972061101015,
      46.71662683467611,
      48.002119612459644,
      49.350164397703196,
      50.69820906654858,
      52.04625360905468,
      53.362883609414126,
      54.67979003083698,
      55.965283012515954,
      57.31332771587478,
      58.62995804107807
   ],
   "brightness": [
      0.0,
      0.0,
      0.0,
      0.0,
      0.0,
      0.0,
      0.0,
      0.0,
      0.0,
      0.3227846394378595,
      0.25402853229068145,
      1.4492787128123734,
      2.07635411298022,
      2.071573460923166,
      1.7439715231134978,
      1.041051133291876,
      1.7264699500648555,
      1.5501545930011313,
      1.7330942081053964,
      2.1480502843387206,
      2.8093820570199495,
      2.797176265469129,
      2.6786719862678776,
      2.8838874624166495,
      2.716111768098456,
      2.7593263966107666,
      2.9494744218350935,
      3.0255868248748867,
      3.3844355501875976,
      3.349313832109728,
      3.410724840357304,
      3.662818539036681,
      3.42193274139065,
      3.3248061927187846,
      3.234561613806558,
      3.1085168258925524,
      3.3724208204163393,
      4.084989174706207,
      4.852229622716676,
      4.683484788389034,
      4.72732153293767,
      5.930917000243603,
      5.0567705074337415,
      6.969187084250281,
      7.587640319188253,
      7.881983007379111,
      9.387122313020729,
      10.716788316468698,
      12.920406040834816,
      16.851722977962325,
      19.345606920191177,
      22.902401255319006,
      27.100294908832538,
      29.99637382557919,
      31.34726584382495,
      32.582320541232335,
      33.66360841531385,
      32.7289205028284,
      30.597845792559674,
      28.199096386052446,
      26.114091005460526,
      24.68443792123122,
      23.26888461623212,
      20.321225931899175,
      16.6442018904417,
      13.113680176514016,
      10.872086782244958,
      8.903661005133241,
      8.348496635084402,
      6.845042093359801,
      5.967372802026375,
      5.174341252425359,
      4.559737070333254,
      4.242005304619844,
      3.8910393606615696,
      3.5954544467611536,
      3.5572540073098806,
      3.6137408328966485,
      3.997969779437838,
      3.820411272642641,
      2.747097707559157,
      2.1059006584374877,
      2.4048884226695417,
      1.9877172936306453,
      1.8174627327689374,
      1.6573789075595098
   ]
}