{
   "offset": [
      -57.658544302678735,
      -53.68801938234999,
      -50.26822790610396,
      -47.25422589239486,
      -44.587679288657185,
      -42.06633135553028,
      -39.704445796803725,
      -37.4149047114258,
      -35.168668197727456,
      -32.9081669126935,
      -30.64766550534855,
      -28.358124336242128,
      -26.097622810128257,
      -23.837121206253165,
      -21.576619543379557,
      -19.344902532649304,
      -17.055361329491102,
      -14.82364441909479,
      -12.56314289417624,
      -10.302641311784782,
      -8.013100051241615,
      -5.752598423981705,
      -3.492096783735686,
      -1.23159514936787,
      1.0146416779448786,
      3.3041829360148514,
      5.5504197875690835,
      7.810921466640372,
      10.071423150124865,
      12.360964453889473,
      14.650505760063023,
      16.911007434962155,
      19.17150906266025,
      21.461050366873646,
      23.750591670611144,
      26.011093206753685,
      28.242810148873925,
      30.47452726968464,
      32.764068562638414,
      35.05360985338595,
      37.31411167117312,
      39.57461340048508,
      41.86415469118273,
      44.124656304096746,
      46.385157784077364,
      48.645659112204484,
      50.891895703266655,
      53.18143693011058,
      55.427673917288445,
      57.68817585441341
   ],
   "brightness": [
      0.0,
      0.0,
      0.0,
      0.0,
      0.0,
      0.0,
      0.40964035331432547,
      0.4314186562384054,
      0.6706838656279651,
      0.9378548449879045,
      0.9310269600818636,
      0.972985352538879,
      0.9637563777620417,
      0.9990052354685587,
      0.9928748786779047,
      1.0711627347423975,
      1.38293633512934,
      1.6081341242670915,
      1.6042445909924354,
      1.7067445168909705,
      1.9342260351075584,
      2.326789553988077,
      2.6317637237873646,
      2.6945898242327666,
      2.671338617979174,
      2.4043645226758272,
      2.305853635749344,
      2.04110334270025,
      1.5213808798858706,
      1.5192021008147747,
      1.4209937516879436,
      1.1354754094062047,
      1.0315477828697968,
      0.9788031416608189,
      1.0081797555181977,
      1.05641173411792,
      0.9493278203860558,
      0.6737629746098193,
      0.6413255573422149,
      0.869932361373682,
      0.9357471882129602,
      0.7784762601544701,
      0.699143294864533,
      0.8650990936856064,
      1.019974575758727,
      0.9910486597185968,
      0.823640074917559,
      0.8185863064199101,
      0.9692247301236971,
      1.0033270498712867
   ]
}