{
   "offset": [
      -58.71743887345569,
      -56.22498928196188,
      -53.920748272528655,
      -51.976940780282,
      -50.06454728725398,
      -48.340085928240214,
      -46.709867096583295,
      -45.1110622297963,
      -43.668775451333886,
      -42.21105756520629,
      -40.831599031842195,
      -39.46784734404363,
      -38.150941201331044,
      -36.83431095555892,
      -35.486266398187595,
      -34.16963557163784,
      -32.85272912326114,
      -31.56723706579331,
      -30.219192592986374,
      -28.9025619907041,
      -27.554517294186873,
      -26.237610782929515,
      -24.95211861399214,
      -23.604074122970836,
      -22.287443554128405,
      -20.939398885733173,
      -19.63819944031817,
      -18.33700007917065,
      -16.95754145331268,
      -15.609496933714155,
      -14.292866385970385,
      -12.944821744256185,
      -11.659329238030441,
      -10.342422843151024,
      -9.025792348068364,
      -7.677747736652165,
      -6.329703108069738,
      -4.98165847212768,
      -3.6647519989270836,
      -2.379259597160838,
      -1.0312149849844992,
      0.28541560142565564,
      1.6334602158676654,
      2.9346596637578135,
      4.235859127876072,
      5.615317781394802,
      6.963362432772577,
      8.279993033461608,
      9.628037631941266,
      10.913529992134285,
      12.23043651917105,
      13.547067210100256,
      14.895111841933954,
      16.243156433973923,
      17.591200976216058,
      18.90810738183825,
      20.193599986765925,
      21.54164468712999,
      22.858275258155075,
      24.20631978568514,
      25.507519206310615,
      26.808718743762846,
      28.18817739192617,
      29.536222142177436,
      30.852852762804545,
      32.20089728502224,
      33.4863894695752,
      34.80329609906161,
      36.11992695286882,
      37.46797157219136,
      38.81601609465716,
      40.101508175960674,
      41.418414747107825,
      42.735045705204854,
      44.08309034603576,
      45.39972061101015,
      46.71662683467611,
      48.002119612459644,
      49.350164397703196,
      50.69820906654858,
      52.04625360905468,
      53.362883609414126,
      54.67979003083698,
      55.965283012515954,
      57.31332771587478,
      58.62995804107807
   ],
   "brightness": [
      0.0,
      0.0,
      0.0,
      0.0,
      0.0,
      0.0,
      0.0,
      0.0,
      0.0,
      0.2771874652495732,
      0.27725173567218403,
      0.5567258721499657,
      0.5794882699031823,
      0.5726303859411925,
      0.5772376472733676,
      0.5914294033357569,
      0.6882214614303204,
      0.6655573060908411,
      0.8056825621970853,
      0.8311304225156297,
      0.9056636448687152,
      0.8748855122312678,
      0.8411325216443932,
      0.8106449882349375,
      0.7819098097141821,
      0.7961680369277597,
      0.7569170286228448,
      0.7089146323008158,
      0.689808422517592,
      0.6793696315147415,
      0.6751067336381359,
      0.6875179484335441,
      0.729426691696087,
      0.7202181264243362,
      0.7559193336086152,
      0.7902524137731946,
      0.8457835912381557,
      0.9493132803908824,
      1.0930400696838638,
      1.2145618828744051,
      1.376813307803126,
      1.556768437179263,
      1.801847601225476,
      2.085293609838258,
      2.292633702436418,
      2.4857226685089,
      2.6675613187948484,
      2.7060604386692853,
      2.800463932085962,
      2.849373646730518,
      2.887501633247413,
      2.875505801377188,
      2.83612118322871,
      2.796775128312415,
      2.651457898525579,
      2.550112656672632,
      2.4433242083305866,
      2.325406103288036,
      2.2401415280537273,
      2.145759660495167,
      2.0393184597110126,
      1.904846515207045,
      1.8161365487330579,
      1.7076643895753887,
      1.6272206158416944,
      1.5315211749113127,
      1.4783921594802567,
      1.445064091142214,
      1.3811626817459999,
      1.3599643720864816,
      1.3004372542462872,
      1.2824458531318605,
      1.1594105041490779,
      1.1146436455230213,
      1.065477293273355,
      0.9955836196106151,
      0.9679801619934032,
      0.9433480872420447,
      0.9044667510330491,
      0.8675367707876072,
      0.8244231479662338,
      0.8058948628831335,
      0.775185287733556,
      0.7645203466156244,
      0.7646437362574148,
      0.7706256306313304
   ]
}