{
   "offset": [
      -58.71743887345569,
      -56.22498928196188,
      -53.920748272528655,
      -51.976940780282,
      -50.06454728725398,
      -48.340085928240214,
      -46.709867096583295,
      -45.1110622297963,
      -43.668775451333886,
      -42.21105756520629,
      -40.831599031842195,
      -39.46784734404363,
      -38.150941201331044,
      -36.83431095555892,
      -35.486266398187595,
      -34.16963557163784,
      -32.85272912326114,
      -31.56723706579331,
      -30.219192592986374,
      -28.9025619907041,
      -27.554517294186873,
      -26.237610782929515,
      -24.95211861399214,
      -23.604074122970836,
      -22.287443554128405,
      -20.939398885733173,
      -19.63819944031817,
      -18.33700007917065,
      -16.95754145331268,
      -15.609496933714155,
      -14.292866385970385,
      -12.944821744256185,
      -11.659329238030441,
      -10.342422843151024,
      -9.025792348068364,
      -7.677747736652165,
      -6.329703108069738,
      -4.98165847212768,
      -3.6647519989270836,
      -2.379259597160838,
      -1.0312149849844992,
      0.28541560142565564,
      1.6334602158676654,
      2.9346596637578135,
      4.235859127876072,
      5.615317781394802,
      6.963362432772577,
      8.279993033461608,
      9.628037631941266,
      10.913529992134285,
      12.23043651917105,
      13.547067210100256,
      14.895111841933954,
      16.243156433973923,
      17.591200976216058,
      18.90810738183825,
      20.193599986765925,
      21.54164468712999,
      22.858275258155075,
      24.20631978568514,
      25.507519206310615,
      26.808718743762846,
      28.18817739192617,
      29.536222142177436,
      30.852852762804545,
      32.20089728502224,
      33.4863894695752,
      34.80329609906161,
      36.11992695286882,
      37.46797157219136,
      38.81601609465716,
      40.101508175960674,
      41.418414747107825,
      42.735045705204854,
      44.08309034603576,
      45.39972061101015,
      46.71662683467611,
      48.002119612459644,
      49.350164397703196,
      50.69820906654858,
      52.04625360905468,
      53.362883609414126,
      54.67979003083698,
      55.965283012515954,
      57.31332771587478,
      58.62995804107807
   ],
   "brightness": [
      0.0,
      0.0,
      0.0,
      0.0,
      0.0,
      0.0,
      0.0,
      0.0,
      0.0,
      62.66351892680547,
      62.67804848296733,
      125.85851310087469,
      131.00438772094054,
      129.45403211209995,
      130.49559150379014,
      133.7039089283152,
      155.58560173470542,
      150.46193668803102,
      182.13992627616452,
      187.8929009833073,
      204.74255897701616,
      197.7845744400102,
      190.15406646385574,
      183.26177743081843,
      176.76564167850643,
      179.98898617590737,
      171.11554631961133,
      160.26368810968413,
      155.94436458871405,
      153.58447657216493,
      152.62076711462078,
      155.4265591894408,
      164.90083077768332,
      162.81905877664596,
      170.88999831241313,
      178.651646613398,
      191.2055295495195,
      214.61039249982258,
      247.10257742975998,
      274.5749035467756,
      311.25493605750876,
      351.9372289796799,
      407.3420533679256,
      471.42043551786253,
      518.2936222440808,
      561.9450697189732,
      603.0531685053263,
      611.7566296259256,
      633.098341781438,
      644.15531662182,
      652.7748759608082,
      650.0629891272322,
      641.1593442147537,
      632.2644172572075,
      599.4126828869701,
      576.5016559569615,
      552.3600882716376,
      525.7024491879442,
      506.42676397912555,
      485.0899407617481,
      461.0268750169668,
      430.6269244565701,
      410.57234277433605,
      386.0501401116436,
      367.8642891267648,
      346.229603291941,
      334.2187749486429,
      326.68432875997985,
      312.2381950809413,
      307.4459124379672,
      293.9886708845707,
      289.92137114849305,
      262.10688136733734,
      251.98647823048645,
      240.8714855594255,
      225.07068613119162,
      218.83039749734587,
      213.26184669365608,
      204.4719782728811,
      196.1232511253776,
      186.3765935078054,
      182.18792089975395,
      175.2454350918656,
      172.8344215238637,
      172.86231610829861,
      174.2146375452745
   ]
}