{
   "offset": [
      -59.15738890190455,
      -57.55815702242244,
      -55.99305174465623,
      -54.4279466104951,
      -52.77118766907329,
      -51.11441588496849,
      -49.51516998264855,
      -47.91593110303512,
      -46.35082570332345,
      -44.75159455103693,
      -43.18648999898825,
      -41.62138558990749,
      -39.96462744388758,
      -38.30785645436163,
      -36.708611275318425,
      -35.109373118296205,
      -33.544268439778094,
      -31.94503800851076,
      -30.379934176220683,
      -28.81483048602234,
      -27.158073129050543,
      -25.50130292777395,
      -23.90205846593983,
      -22.30282102525802,
      -20.737717061880055,
      -19.138487345509937,
      -17.57338422689643,
      -16.008281249644483,
      -14.35152467528547,
      -12.694755255827152,
      -11.0955115050071,
      -9.496274774555154,
      -7.931171520292587,
      -6.331942512640474,
      -4.766840101598643,
      -3.201737831276926,
      -1.544982033192712,
      0.11178661080111268,
      1.7110296567820527,
      3.3102656832305906,
      4.87536823432951,
      6.47459653950578,
      8.03969824892195,
      9.604799818388264,
      11.261554846577159,
      12.918322721560436,
      14.517565068907263,
      16.116800397365573,
      17.681902251447227,
      19.281129860291045,
      20.846230874120586,
      22.411331748724724,
      24.06808601345071,
      25.724853125718507,
      27.324094780610444,
      28.923329417385098,
      30.48843058041552,
      32.08765749902733,
      33.6527578233665,
      35.217858009186116,
      36.874611516781414,
      38.531377872736115,
      40.13061884127221,
      41.72985279253666,
      43.294953270632135,
      44.89417950520538,
      46.45927914600732,
      48.02437864903705,
      49.68113140594977,
      51.33789701200091,
      52.902998208733784,
      54.50223779827736,
      56.06733815886522,
      57.66657003328251
   ],
   "brightness": [
      0.38892900943756104,
      0.39706116914749146,
      0.4068842828273773,
      0.41169804334640503,
      0.4070243835449219,
      0.42105841636657715,
      0.4135693311691284,
      0.4272395372390747,
      0.4548846483230591,
      0.48196089267730713,
      0.4822768270969391,
      0.5001550912857056,
      0.49589696526527405,
      0.4960453510284424,
      0.5138828754425049,
      0.5147855877876282,
      0.5493372678756714,
      0.5920124053955078,
      0.6284716725349426,
      0.674881100654602,
      0.6998964548110962,
      0.7219520807266235,
      0.7473824620246887,
      0.7564354538917542,
      0.7682704329490662,
      0.7929408550262451,
      0.8041369915008545,
      0.8061217665672302,
      0.8072518110275269,
      0.8216124176979065,
      0.855840802192688,
      0.8728747367858887,
      0.8969888687133789,
      0.8967573642730713,
      0.9072448015213013,
      0.9299224615097046,
      0.9688160419464111,
      0.9733428955078125,
      0.9988685846328735,
      1.031681776046753,
      1.0644590854644775,
      1.1035513877868652,
      1.1472187042236328,
      1.2134610414505005,
      1.283531904220581,
      1.3585383892059326,
      1.4789015054702759,
      1.6641242504119873,
      1.8426052331924438,
      2.05765700340271,
      2.2013463973999023,
      2.3956260681152344,
      2.451871871948242,
      2.570030689239502,
      2.6031951904296875,
      2.5209221839904785,
      2.416945457458496,
      2.2596914768218994,
      2.063047409057617,
      1.9341509342193604,
      1.839066505432129,
      1.7250454425811768,
      1.643494963645935,
      1.5730876922607422,
      1.516434669494629,
      1.4747949838638306,
      1.442613124847412,
      1.456974744796753,
      1.4790630340576172,
      1.4377076625823975,
      1.4171864986419678,
      1.402078628540039,
      1.3799619674682617,
      1.32954740524292
   ]
}