{
   "offset": [
      -59.246247945433375,
      -57.590382005649616,
      -55.93450387102676,
      -54.36935280071617,
      -52.76956783331491,
      -51.20441756918841,
      -49.604639940460615,
      -48.039490482182586,
      -46.43972019177301,
      -44.78385501094615,
      -43.12797763432775,
      -41.562827253655726,
      -39.9630429757165,
      -38.39789339970311,
      -36.79811645897327,
      -35.23296768726145,
      -33.63319808330277,
      -31.977333655029554,
      -30.321457030115376,
      -28.75630733297112,
      -27.156523738359812,
      -25.59137484443748,
      -23.991598585474215,
      -22.426450494382387,
      -20.82668157070336,
      -19.17081788852045,
      -17.514942008898622,
      -15.94979298931733,
      -14.35001007187839,
      -12.784861853953513,
      -11.1850862706614,
      -9.61993885407166,
      -8.020170604499613,
      -6.3643076620939585,
      -4.708432521471423,
      -3.1432841733566486,
      -1.5435019268729933,
      0.02164562101920012,
      1.6214205348572137,
      3.1865672829182223,
      4.786334864534472,
      6.351480813142807,
      8.007343889221586,
      9.57249057194855,
      11.228366714247317,
      12.793514131531651,
      14.393294381319272,
      15.958441000152119,
      17.558213919285123,
      19.12335974018096,
      20.72312532894152,
      22.28827035221444,
      23.944134437898526,
      25.509280197179926,
      27.165157351034264,
      28.76493627874752,
      30.364708542219006,
      31.92985370812918,
      33.52961864287529,
      35.09476301265075,
      36.75062638002591,
      38.31577148737885,
      39.97164792460705,
      41.57142620200672,
      43.171197816098086,
      44.736342333046,
      46.33610661986582,
      47.90125034221443,
      49.55711299768525,
      51.122257459130296,
      52.77813318605966,
      54.37791081942429,
      55.97768179018935,
      57.54282566433007,
      59.14258930933177
   ],
   "brightness": [
      0.4264851212501526,
      0.4314045310020447,
      0.4459562301635742,
      0.4590553045272827,
      0.4664819836616516,
      0.47750699520111084,
      0.495154470205307,
      0.49752581119537354,
      0.5044201612472534,
      0.5072945356369019,
      0.5107969641685486,
      0.5178401470184326,
      0.5223490595817566,
      0.5325372219085693,
      0.5448071956634521,
      0.5583791732788086,
      0.5758482813835144,
      0.6023789644241333,
      0.6498352289199829,
      0.6705604791641235,
      0.692058265209198,
      0.7176620960235596,
      0.731059730052948,
      0.7404917478561401,
      0.7603452205657959,
      0.7653982639312744,
      0.7984530329704285,
      0.8060473203659058,
      0.8075826168060303,
      0.8253457546234131,
      0.8232725858688354,
      0.8132316470146179,
      0.8432600498199463,
      0.8606067895889282,
      0.9074950814247131,
      0.9378141164779663,
      0.9744061231613159,
      1.0355299711227417,
      1.0747864246368408,
      1.1022142171859741,
      1.1672710180282593,
      1.2251191139221191,
      1.295348882675171,
      1.3798646926879883,
      1.4784127473831177,
      1.594954252243042,
      1.6909229755401611,
      1.820885419845581,
      1.896355152130127,
      1.9424901008605957,
      1.9487595558166504,
      1.952406644821167,
      1.9289860725402832,
      1.9064871072769165,
      1.8741786479949951,
      1.833517074584961,
      1.7935032844543457,
      1.7526631355285645,
      1.700675368309021,
      1.658444881439209,
      1.6267836093902588,
      1.5996094942092896,
      1.5993404388427734,
      1.6004456281661987,
      1.590208649635315,
      1.5714048147201538,
      1.5577107667922974,
      1.518257975578308,
      1.4796925783157349,
      1.4386146068572998,
      1.3858718872070312,
      1.3521733283996582,
      1.3302841186523438,
      1.2707576751708984,
      1.273567795753479
   ]
}